date,precip,temp_avg,temp_min,precip_5days_sum,precip_10days_sum,daily_index,cumulative_index
2025-01-22,0.02048315612131413,12.025964599385532,6.896008224007517,0.0,0.0,0,0
2025-01-23,0.0,11.439724130850436,4.8754135611672496,0.02048315612131413,0.02048315612131413,0,0
2025-01-24,3.234096035012589,11.663374297423957,5.677653992850821,0.02048315612131413,0.02048315612131413,0,0
2025-01-25,3.9947341355072354,11.832930481309006,5.923668090052615,3.254579191133903,3.254579191133903,0,0
2025-01-26,0.0,11.574575554549881,8.139301266460336,7.249313326641138,7.249313326641138,0,0
2025-01-27,27.211734783630845,11.458719995686636,8.188355586213902,7.249313326641138,7.249313326641138,1,1
2025-01-28,0.0,10.846256718345671,8.808690619318782,34.440564954150666,34.46104811027198,2,3
2025-01-29,0.0,10.937054502539127,8.865736801819253,34.44056495415067,34.46104811027198,2,5
2025-01-30,21.882652645735956,10.414055240879065,6.362853850358761,31.206468919138082,34.46104811027198,2,7
2025-01-31,21.882652645735956,11.561337003567985,3.624654268468703,49.094387429366805,56.343700756007934,2,9
2025-02-01,4.214767929172367,12.160951072964735,8.642563288466818,70.97704007510276,78.22635340174389,2,11
2025-02-02,0.0,11.667178878144455,7.894145212233525,47.98007322064428,82.42063817479495,0,11
2025-02-03,0.0,11.918846152763535,6.045166245946348,47.98007322064428,82.42063817479495,2,13
2025-02-04,0.0,11.33384665243284,5.52382812500008,47.98007322064428,79.18654213978236,2,15
2025-02-05,0.0,11.560518671031843,4.0481572565042825,26.097420574908323,75.19180800427512,0,15
2025-02-06,2.1393725288081655,11.512744598068764,4.420663260214042,4.214767929172367,75.19180800427512,0,15
2025-02-07,0.14060624118156256,11.460433994349216,6.188519306302794,2.1393725288081655,50.11944574945244,0,15
2025-02-08,0.007100708678062547,11.971983878017738,6.05179095958016,2.2799787699897283,50.260051990634,0,15
2025-02-09,0.00011946715402900706,12.690476222008328,6.891558799503798,2.2870794786677906,50.267152699312064,0,15
2025-02-10,0.004918501722552289,11.91342846692487,5.231095070509014,2.2871989458218196,28.384619520730137,0,15
2025-02-11,0.0,11.583742923856562,5.3696952579906565,2.292117447544372,6.506885376716735,0,15
2025-02-12,0.0,11.506193567272021,5.003795926076066,0.1527449187362064,2.2921174475443684,0,15
2025-02-13,0.0,11.659486641074182,5.433032284142882,0.012138677554643844,2.2921174475443684,0,15
2025-02-14,0.0,12.578099775014437,7.661014523296217,0.005037968876581297,2.2921174475443684,0,15
2025-02-15,0.0,12.099001720916306,7.286948572314827,0.004918501722552289,2.2921174475443684,0,15
2025-02-16,8.736976531292086,12.016730796766012,6.525028579040168,0.0,2.2921174475443684,0,15
2025-02-17,0.0,11.943378446886925,6.163974632407189,8.736976531292086,8.88972145002829,0,15
2025-02-18,0.0,12.060936280416513,4.502886924503798,8.736976531292086,8.749115208846728,0,15
2025-02-19,0.0,11.835411082173778,4.9850782862250185,8.736976531292086,8.742014500168665,0,15
2025-02-20,0.0,12.124888828365556,5.666290897393424,8.736976531292086,8.741895033014636,0,15
2025-02-21,0.0,11.663135738892663,4.802091337000036,8.736976531292086,8.736976531292084,0,15
2025-02-22,0.0,11.150939112089532,3.478850397073984,0.0,8.736976531292084,0,15
2025-02-23,0.0,11.633327786427628,4.37319911740866,0.0,8.736976531292084,0,15
2025-02-24,5.136028173003293,11.766518593234366,5.2564829124594326,0.0,8.736976531292084,0,15
2025-02-25,0.0,11.252208412218408,4.266466862900529,5.136028173003293,13.873004704295377,0,15
2025-02-26,2.8196257652058132e-05,11.521276720314972,4.59140958965952,5.136028173003293,13.873004704295377,0,15
2025-02-27,0.0,12.211370798426856,4.630388790106679,5.136056369260945,5.1360563692609436,0,15
2025-02-28,0.4086140477899084,12.526803220992804,5.06436804045677,5.136056369260945,5.1360563692609436,0,15
2025-03-01,0.0,12.924155663544298,5.723558284351668,5.544670417050853,5.544670417050852,0,15
2025-03-02,0.0,12.471489266929382,6.045727846157661,0.40864224404756044,5.544670417050852,0,15
2025-03-03,0.0,12.591493656950206,5.324075797218995,0.40864224404756044,5.544670417050852,0,15
2025-03-04,0.0,12.427031665378195,5.881944706754894,0.4086140477899084,5.544670417050852,0,15
2025-03-05,0.0,12.603225826367463,5.956955186376035,0.4086140477899084,5.544670417050852,0,15
2025-03-06,0.0,12.990302138258585,5.619697177335183,0.0,5.544670417050852,0,15
2025-03-07,0.0,13.688905418444051,5.950793898480526,0.0,0.40864224404755867,0,15
2025-03-08,0.0,13.482137638467975,8.798403988244445,0.0,0.40864224404755867,0,15
2025-03-09,2.780761531288278,13.0754088499761,8.93453215593064,0.0,0.4086140477899066,1,16
2025-03-10,78.52550407207328,11.165987668947139,9.831988199102057,2.780761531288278,3.1893755790781846,1,17
2025-03-11,13.04504251405713,12.581946869216438,8.725977426205077,81.30626560336155,81.30626560336155,2,19
2025-03-12,17.56081897717742,12.271902434630988,7.573652581748718,94.35130811741868,94.35130811741868,2,21
2025-03-13,11.570251732646211,11.927585400275461,6.159364750700206,111.9121270945961,111.9121270945961,2,23
2025-03-14,0.0,13.42090928419583,6.923340266005823,123.48237882724231,123.48237882724231,2,25
2025-03-15,0.0,13.029150435409747,6.748823000350171,120.70161729595404,123.48237882724231,2,27
2025-03-16,1.783927792505987,12.841236888637638,7.784497473374927,42.17611322388076,123.48237882724231,2,29
2025-03-17,0.0,12.17098943682339,7.502114100426297,30.914998502329617,125.2663066197483,2,31
2025-03-18,0.0,12.194960894474775,8.076399259747234,13.354179525152198,125.2663066197483,1,32
2025-03-19,0.0,11.502240493262605,7.831562488483939,1.783927792505987,125.2663066197483,0,32
2025-03-20,0.0,11.0109010316541,7.603106651066241,1.783927792505987,122.48554508846003,0,32
2025-03-21,0.0,12.288130928535452,7.042826181087889,1.783927792505987,43.96004101638675,0,32
2025-03-22,0.0,11.989470154384435,6.692282853036545,0.0,30.914998502329617,0,32
2025-03-23,0.0,12.147274799466913,7.185168034775472,0.0,13.354179525152198,0,32
2025-03-24,0.0,11.693038219076072,6.584234887848879,0.0,1.783927792505987,0,32
2025-03-25,0.0,12.207135628754315,7.172031368999399,0.0,1.783927792505987,0,32
2025-03-26,18.207325627390944,11.490721323105276,8.409903510711501,0.0,1.783927792505987,1,33
2025-03-27,24.421736150375583,11.749366746658609,8.37280277276193,18.207325627390944,18.207325627390944,1,34
2025-03-28,0.5504431702231468,11.47431148712991,9.405755903136082,42.62906177776652,42.62906177776652,2,36
2025-03-29,38.72305413899296,11.322894676576425,8.511424073033425,43.17950494798967,43.17950494798967,2,38
2025-03-30,0.16670749563136822,11.650433644708642,8.322749722078981,81.90255908698262,81.90255908698262,0,38
2025-03-31,0.0,11.687938024812809,8.427986807193406,82.06926658261399,82.06926658261399,0,38
2025-04-01,0.0,11.85517645621951,6.556913786114421,63.861940955223055,82.06926658261399,2,40
2025-04-02,0.0,11.884424391932498,6.370977284173534,39.44020480484747,82.06926658261399,2,42
2025-04-03,0.0,12.244658998373438,7.607619605874163,38.88976163462433,82.06926658261399,2,44
2025-04-04,0.19452641051198688,12.028450258522923,8.445323478650778,0.16670749563136822,82.06926658261399,0,44
2025-04-05,46.42634503369027,12.21750400791126,9.750634381756129,0.19452641051198688,82.26379299312599,1,45
2025-04-06,2.178495433884738,11.473392996798054,9.791125641828842,46.62087144420226,110.48281239942531,2,47
2025-04-07,0.0,12.185020845041379,7.69876937386374,48.799366878087,88.23957168293447,2,49
2025-04-08,0.0,11.880493502347008,5.6621523107372695,48.799366878087,87.68912851271132,2,51
2025-04-09,86.11290926048052,12.99321701481665,9.06674351722188,48.799366878087,48.966074373718364,2,53
2025-04-10,9.593497009991484,11.717051842327692,8.60579382938414,134.71774972805554,134.9122761385675,2,55
2025-04-11,0.0,11.66521200983783,6.8919637812009,97.88490170435674,144.505773148559,2,57
2025-04-12,0.0,12.013786518248878,8.225889136356386,95.706406270472,144.505773148559,2,59
2025-04-13,1.3717753132122357,11.108150612533223,9.353000319378907,95.706406270472,144.505773148559,2,61
2025-04-14,34.59457572425212,11.997542389683758,8.572797129888954,97.07818158368424,145.87754846177123,2,63
2025-04-15,0.0,12.402174610161978,8.467389415045204,45.55984804745584,180.27759777551137,2,65
2025-04-16,0.0,12.519058489849499,8.409143642209699,35.96635103746435,133.8512527418211,2,67
2025-04-17,0.0,12.296780694605616,7.203782030021671,35.96635103746435,131.67275730793637,2,69
2025-04-18,10.383808149376451,11.999945253096314,9.66150981015386,35.96635103746435,131.67275730793637,2,71
2025-04-19,21.315145941866728,11.646289739868735,9.49072202286635,44.978383873628566,142.05656545731281,1,72
2025-04-20,9.836278483945755,11.544847414828439,9.666314121462335,31.69895409124318,77.25880213869902,2,74
2025-04-21,5.774305917915427,10.822488343340808,8.083970977975127,41.535232575188935,77.5015836126533,2,76
2025-04-22,0.0,11.601857753569732,8.673202553035367,47.30953849310436,83.27588953056873,0,76
2025-04-23,0.0,10.835159292161165,8.497864575655967,47.30953849310436,83.27588953056873,2,78
2025-04-24,0.0,11.194485500823532,8.226751209954784,36.92573034372791,81.9041142173565,2,80
2025-04-25,0.0,11.641766912432388,8.073240210575136,15.610584401861182,47.30953849310438,0,80
2025-04-26,0.0,11.91564728518955,6.193946540880518,5.774305917915427,47.30953849310438,0,80
2025-04-27,0.0,11.570051071678847,6.705536886731068,0.0,47.30953849310438,0,80
2025-04-28,0.0,11.955015528776869,6.30873476424307,0.0,47.30953849310438,0,80
2025-04-29,0.0,11.803923211407607,7.383707432776873,0.0,36.92573034372793,0,80
2025-04-30,27.437307390519496,12.056583330966248,8.782087640342468,0.0,15.610584401861196,1,81
2025-05-01,0.0,12.485686382557674,8.663679341250258,27.437307390519496,33.211613308434934,2,83
2025-05-02,0.0,12.193859766514379,7.4316213739743375,27.437307390519496,27.43730739051951,2,85
2025-05-03,0.0,11.551184470698558,6.374262434281661,27.437307390519496,27.43730739051951,0,85
2025-05-04,39.8731624228348,11.358173608679976,8.437917591790779,27.437307390519496,27.43730739051951,2,87
2025-05-05,9.000315152910682,11.433745916434532,9.347230289867127,67.3104698133543,67.31046981335432,2,89
2025-05-06,11.2173791742548,11.595930441770406,9.033343947308708,48.87347757574548,76.31078496626499,2,91
2025-05-07,18.882132891745723,11.142007198373733,7.6967164429478885,60.090856750000285,87.52816414051979,2,93
2025-05-08,16.624219692069545,11.06134613245041,9.177429813408992,78.97298964174601,106.41029703226552,2,95
2025-05-09,30.573266929471735,11.202262193052036,8.188554910144035,95.59720933381556,123.03451672433506,2,97
2025-05-10,18.15831821459504,11.362471716858863,7.525431545425533,86.29731384045247,153.6077836538068,2,99
2025-05-11,0.0,11.373664638431364,8.17639048834269,95.45531690213683,144.32879447788235,2,101
2025-05-12,0.0,11.443219013334101,6.943603362077511,84.23793772788204,144.32879447788235,2,103
2025-05-13,0.0,11.375314686933166,8.509975639679226,65.35580483613631,144.32879447788235,2,105
2025-05-14,0.0,11.58822848401985,8.726692669946488,48.73158514406677,144.32879447788235,2,107
2025-05-15,0.0,11.70429498284625,7.890606228810441,18.158318214595035,104.45563205504753,1,108
2025-05-16,3.4188854233151105,11.921960217298022,8.045232943169026,0.0,95.45531690213684,1,109
2025-05-17,1.7951915799734561,11.750975125390823,8.47495105671436,3.4188854233151034,87.65682315119716,1,110
2025-05-18,3.3796044526717592,11.436848556870473,8.09973388288006,5.214077003288559,70.5698818394249,1,111
2025-05-19,8.136068959317972,11.752054376822116,8.718996194323665,8.593681455960319,57.32526660002711,1,112
2025-05-20,9.025672263176691,11.845053253333845,9.293051512136401,16.72975041527829,34.888068629873345,1,113
2025-05-21,24.79200720824243,12.12160758092466,8.530109947732456,25.755422678454984,25.755422678454998,2,115
2025-05-22,0.0,11.74662955741968,8.399800752843703,47.128544463382305,50.54742988669743,2,117
2025-05-23,0.0,10.918412772764498,7.842119651170663,45.33335288340885,50.54742988669743,2,119
2025-05-24,0.0,11.946622778934511,8.029152290776096,41.95374843073709,50.54742988669743,2,121
2025-05-25,0.0,11.796102270290305,8.038965227618974,33.81767947141912,50.54742988669743,2,123
2025-05-26,0.0,11.160954667737144,6.249735072873705,24.792007208242424,50.54742988669743,0,123
2025-05-27,0.0,11.404934711576288,8.256303549712527,0.0,47.12854446338232,0,123
2025-05-28,0.0,11.204001331129462,7.976062645102502,0.0,45.333352883408864,0,123
2025-05-29,0.0,11.47216282090801,8.27607558148469,0.0,41.95374843073711,0,123
2025-05-30,0.0,10.916338813030052,6.830327006406037,0.0,33.81767947141913,0,123
2025-05-31,0.0,10.293069973831678,5.8371331940657,0.0,24.79200720824244,0,123
2025-06-01,0.0,10.481827300449595,4.883756184128117,0.0,0.0,0,123
2025-06-02,0.0,11.549617249910739,7.676124179288308,0.0,0.0,0,123
2025-06-03,0.0,11.533894503291606,8.558149843995693,0.0,0.0,0,123
2025-06-04,0.0,10.750591768308766,7.243019286341678,0.0,0.0,0,123
2025-06-05,0.0,10.419676941045964,5.966246349406731,0.0,0.0,0,123
2025-06-06,0.0,10.619184600382255,8.38534233045283,0.0,0.0,0,123
2025-06-07,0.0,10.689996877706278,6.409068020034965,0.0,0.0,0,123
2025-06-08,0.0,10.636391768065721,6.744454476218607,0.0,0.0,0,123
2025-06-09,0.0,11.044567082563105,8.137110046770658,0.0,0.0,0,123
2025-06-10,0.0,11.18237901923544,6.424799063820558,0.0,0.0,0,123
2025-06-11,5.370748014792266,10.588028448332864,5.020988550726031,0.0,0.0,0,123
2025-06-12,5.289269775012727,11.236979736872001,7.588221846286672,5.370748014792259,5.370748014792273,1,124
2025-06-13,3.455497377562262,11.271413273681446,7.52918060110801,10.660017789804986,10.660017789805,1,125
2025-06-14,1.4864221917299698,10.036653485088209,5.269298951730832,14.115515167367247,14.115515167367262,0,125
2025-06-15,1.1644685350230628,10.122823509680188,7.56121139046536,15.601937359097217,15.601937359097231,1,126
2025-06-16,0.0,9.99579582614217,7.119699672483023,16.76640589412028,16.766405894120293,0,126
2025-06-17,0.0,9.874856727328222,7.916196273707783,11.395657879328015,16.766405894120293,0,126
2025-06-18,0.0,10.729177309432146,7.620389676843843,6.106388104315288,16.766405894120293,0,126
2025-06-19,0.0,10.940758309674322,8.524852575146213,2.6508907267530253,16.766405894120293,0,126
2025-06-20,63.870849746251814,10.344255149889307,7.328130028682722,1.1644685350230557,16.766405894120293,1,127
2025-06-21,0.0,11.219633944529392,5.707939042385362,63.87084974625181,80.6372556403721,2,129
2025-06-22,0.0,11.837892970599,7.921740300400472,63.87084974625181,75.26650762557983,2,131
2025-06-23,0.0,11.459986291241592,8.53809211778946,63.87084974625181,69.97723785056712,2,133
2025-06-24,0.0,10.388261833430875,5.761703817499495,63.87084974625181,66.52174047300485,2,135
2025-06-25,0.0,10.060176739802728,4.387192098749495,63.87084974625181,65.0353182812749,2,137
2025-06-26,0.0,11.195157955177706,7.580222594063287,0.0,63.87084974625182,0,137
2025-06-27,0.0,11.84715584329092,6.508169248569004,0.0,63.87084974625182,0,137
2025-06-28,0.0,11.087488552709374,8.275427322867586,0.0,63.87084974625182,0,137
2025-06-29,0.0,10.143684745484677,7.882190190921051,0.0,63.87084974625182,0,137
2025-06-30,0.0,9.486023139553822,6.255467291298203,0.0,63.87084974625182,0,137
2025-07-01,0.1015003475123746,9.69129157556182,4.952271985707796,0.0,0.0,0,137
2025-07-02,0.2985666277999997,10.113850501998172,5.7713263553643515,0.1015003475123675,0.10150034751238171,0,137
2025-07-03,0.36243615916664257,10.322577496894496,5.605694119435498,0.40006697531236723,0.40006697531238145,0,137
2025-07-04,4.993135455246091,10.962513532178718,7.574690947142756,0.7625031344790097,0.762503134479024,1,138
2025-07-05,0.45292288204437114,10.688760539920622,8.320148050560192,5.755638589725101,5.755638589725115,0,138
2025-07-06,3.190278242233205,10.826216934012223,6.432180383070431,6.208561471769472,6.208561471769486,0,138
2025-07-07,0.0,10.556002729243971,7.6762498963554435,9.297339366490302,9.39883971400269,0,138
2025-07-08,0.0,10.772306864516565,7.869349392105221,8.998772738690302,9.39883971400269,0,138
2025-07-09,0.0,10.094441646200096,8.389759989804475,8.636336579523661,9.39883971400269,0,138
2025-07-10,0.0,9.449604604629144,7.913015152073569,3.643201124277569,9.39883971400269,0,138
2025-07-11,0.0,9.328530100056753,7.620077687389482,3.190278242233198,9.39883971400269,0,138
2025-07-12,0.3303448934450908,9.906304551770404,7.30785397703545,0.0,9.297339366490316,0,138
2025-07-13,0.7098355866073632,10.128595398557025,7.426570522860118,0.3303448934450837,9.329117632135409,1,139
2025-07-14,0.0,9.695614659211458,6.325840058716608,1.040180480052447,9.676517059576128,0,139
2025-07-15,0.0,9.962754369931702,5.246169794430557,1.040180480052447,4.683381604330037,0,139
2025-07-16,0.0,10.588002861070947,7.353178146650237,1.040180480052447,4.230458722285666,0,139
2025-07-17,0.0,10.336237312012997,8.574379821393507,1.040180480052447,1.0401804800524612,0,139
2025-07-18,5.113859808203212,10.611030744956508,8.534023491241669,0.7098355866073561,1.0401804800524612,1,140
2025-07-19,0.0,10.01358726629428,6.513638132923063,5.1138598082032045,6.154040288255673,0,140
2025-07-20,0.0,9.772463407056705,5.940966566553698,5.1138598082032045,6.154040288255673,0,140
2025-07-21,0.0,10.263904010124918,6.553291503138553,5.1138598082032045,6.154040288255673,0,140
2025-07-22,5.382098778175675,10.454650249521194,8.126343963431111,5.1138598082032045,6.154040288255673,1,141
2025-07-23,0.0,10.147156151985484,6.120522495485716,10.49595858637888,11.205794172986257,0,141
2025-07-24,0.0,10.666272511672219,5.182387000509777,5.382098778175668,10.495958586378894,0,141
2025-07-25,0.0,10.645856299890227,6.342008329187593,5.382098778175668,10.495958586378894,0,141
2025-07-26,0.0,10.450922562541223,6.397956454678933,5.382098778175668,10.495958586378894,0,141
2025-07-27,0.0,10.727751616312048,6.622494430062204,5.382098778175668,10.495958586378894,0,141
2025-07-28,0.0,10.328489725844747,6.03396917379132,0.0,10.495958586378894,0,141
2025-07-29,16.37279611519086,9.676442930433495,6.310429449501271,0.0,5.382098778175682,0,141
2025-07-30,0.0,9.394029419777041,4.902190432758459,16.37279611519085,21.75489489336654,0,141
2025-07-31,0.0,9.821998026785877,4.048424429263719,16.37279611519085,21.75489489336654,0,141
2025-08-01,0.0,9.591963120626474,4.850073510895754,16.37279611519085,21.75489489336654,0,141
2025-08-02,0.0,9.623441202735535,5.413795845463653,16.37279611519085,16.372796115190866,0,141
2025-08-03,0.0,9.887039194966803,6.727145155420885,16.37279611519085,16.372796115190866,0,141
2025-08-04,0.0,9.777628027318144,7.802120798938688,0.0,16.372796115190866,0,141
2025-08-05,0.0,10.116775279175101,7.0980277775219065,0.0,16.372796115190866,0,141
2025-08-06,0.0,9.704651677033723,6.2287615314220375,0.0,16.372796115190866,0,141
2025-08-07,43.6781521855204,9.6517294141982,5.406875264869598,0.0,16.372796115190866,0,141
2025-08-08,43.6781521855204,10.065186137073454,7.672351515668026,43.678152185520396,60.05094830071127,2,143
2025-08-09,0.0,9.627891990773605,6.226652171776777,87.3563043710408,87.3563043710408,2,145
2025-08-10,24.760781218220774,10.425713723460603,7.854877918171439,87.3563043710408,87.3563043710408,2,147
2025-08-11,0.0,9.973738866682083,7.221209774377201,112.11708558926158,112.11708558926159,2,149
2025-08-12,0.0,9.56814956904958,6.07901657392398,112.11708558926158,112.11708558926159,2,151
2025-08-13,0.0,9.768403873403656,6.088801296402096,68.43893340374117,112.11708558926159,2,153
2025-08-14,0.0,9.28772447534078,4.935895754256364,24.760781218220767,112.11708558926159,0,153
2025-08-15,0.0,10.299122198972611,5.910239300038143,24.760781218220767,112.11708558926159,0,153
2025-08-16,0.0,9.919439382173266,7.405376064852362,0.0,112.11708558926159,0,153
2025-08-17,16.773840649823505,9.704374283764594,6.288355355892577,0.0,112.11708558926159,0,153
2025-08-18,0.0,9.728812518009875,7.809586089512095,16.773840649823498,85.21277405356469,0,153
2025-08-19,0.0,8.890897685276911,6.885157977410131,16.773840649823498,41.53462186804428,0,153
2025-08-20,0.0,8.950343540279732,5.101742476937147,16.773840649823498,41.53462186804428,0,153
2025-08-21,0.0,8.718263504540175,6.5573201113527375,16.773840649823498,16.773840649823512,0,153
2025-08-22,0.0,8.89986122019394,4.969023449016106,16.773840649823498,16.773840649823512,0,153
2025-08-23,0.0,8.204766325880655,6.374792749177061,0.0,16.773840649823512,0,153
2025-08-24,0.0,9.481941405482303,5.243872722889705,0.0,16.773840649823512,0,153
2025-08-25,0.0,10.631238064076172,7.577371407754811,0.0,16.773840649823512,0,153
2025-08-26,0.0,10.07149908117782,6.180708725647378,0.0,16.773840649823512,0,153
2025-08-27,21.517836712079937,9.933433523118197,4.456716899751882,0.0,16.773840649823512,0,153
2025-08-28,0.0,9.266557044103251,5.316088732833407,21.51783671207993,21.517836712079944,0,153
2025-08-29,0.0,9.648915303228364,4.045399926143659,21.51783671207993,21.517836712079944,0,153
2025-08-30,0.0,9.635073022422546,3.353378526219842,21.51783671207993,21.517836712079944,0,153
2025-08-31,0.0,9.260077528883585,5.562582282300298,21.51783671207993,21.517836712079944,0,153
2025-09-01,0.0,9.60438990882858,5.925719005656731,21.51783671207993,21.517836712079944,0,153
2025-09-02,0.0,9.996011548472211,6.0004400481217885,0.0,21.517836712079944,0,153
2025-09-03,0.0,9.868985848256955,5.709355230751271,0.0,21.517836712079944,0,153
2025-09-04,0.0,9.787808162761223,5.494142294829771,0.0,21.517836712079944,0,153
2025-09-05,0.0,9.608442872725277,5.992921783639304,0.0,21.517836712079944,0,153
2025-09-06,3.499304725301805,9.985174549350688,4.719697906686065,0.0,21.517836712079944,0,153
2025-09-07,0.0,9.355567394712523,4.664061098878506,3.4993047253017977,3.499304725301812,0,153
2025-09-08,0.0,9.530841425929736,3.1174663231807926,3.4993047253017977,3.499304725301812,0,153
2025-09-09,0.0,10.164250670139154,5.4421086725199075,3.4993047253017977,3.499304725301812,0,153
2025-09-10,0.0,9.613909081992915,4.544680555811453,3.4993047253017977,3.499304725301812,0,153
2025-09-11,0.0,9.993175604958253,5.59316780522181,3.4993047253017977,3.499304725301812,0,153
2025-09-12,0.0,9.576809871521618,4.705319520962348,0.0,3.499304725301812,0,153
2025-09-13,55.126519094577255,9.912115095446495,4.60031726765186,0.0,3.499304725301812,0,153
2025-09-14,54.09589560950602,10.740465306535953,6.874870194729056,55.12651909457725,58.625823819879066,2,155
2025-09-15,0.0,10.394867113701252,5.471671088836501,109.22241470408326,112.72171942938509,2,157
2025-09-16,0.0,10.237082305844297,5.387923848853973,109.22241470408326,112.72171942938509,2,159
2025-09-17,0.0,10.615339897363754,5.49015667993325,109.22241470408326,109.22241470408329,2,161
2025-09-18,0.0,10.101306325884536,4.436508984835655,109.22241470408326,109.22241470408329,2,163
2025-09-19,0.0,11.169440925646143,6.251910553938217,54.095895609506016,109.22241470408329,2,165
2025-09-20,0.0,10.152443486339678,4.74340766570856,0.0,109.22241470408329,0,165
2025-09-21,0.0,10.490778195683049,5.652413172691865,0.0,109.22241470408329,0,165
2025-09-22,0.0,10.170024070499892,5.782561142639565,0.0,109.22241470408329,0,165
2025-09-23,0.0,10.082536507852467,5.302242773283979,0.0,109.22241470408329,0,165
2025-09-24,0.0,10.442684311936773,4.134810672016272,0.0,54.09589560950603,0,165
2025-09-25,0.0,10.777079566619705,6.110750728583184,0.0,0.0,0,165
2025-09-26,0.0,10.142075003218167,6.815099886528344,0.0,0.0,0,165
2025-09-27,0.0,10.501944006514009,6.151708773247094,0.0,0.0,0,165
2025-09-28,0.0,10.070524641952659,5.1166220994865625,0.0,0.0,0,165
2025-09-29,0.0,11.00710560780658,5.753014464948251,0.0,0.0,0,165
2025-09-30,2.335795243333171,10.364431671526404,6.1679796326835685,0.0,0.0,0,165
2025-10-01,0.0,11.131857236626274,6.033589143573124,2.335795243333164,2.335795243333178,0,165
2025-10-02,0.0,11.162375770425001,6.633386710304933,2.335795243333164,2.335795243333178,0,165
2025-10-03,69.02568859987066,9.746703324227951,7.204708593596479,2.335795243333164,2.335795243333178,1,166
2025-10-04,0.0,10.159231252290454,7.266161495184804,71.36148384320383,71.36148384320384,2,168
2025-10-05,0.0,10.366936576091575,6.58984714723988,71.36148384320383,71.36148384320384,2,170
2025-10-06,13.778863229915244,10.231238369571827,6.805253553090608,69.02568859987066,71.36148384320384,2,172
2025-10-07,7.35758299611846,10.380235330513699,7.261718596452454,82.80455182978591,85.14034707311909,2,174
2025-10-08,8.756129855484746,10.207009507825035,6.0187764101808625,90.16213482590436,92.49793006923754,2,176
2025-10-09,5.355485091901235,9.577298552635057,5.064728109491739,29.89257608151845,101.2540599247223,0,176
2025-10-10,7.223936027372125,10.04924367748714,5.328795945269519,35.248061173419686,106.60954501662353,2,178
2025-10-11,0.0,9.908870027650096,4.050029001295968,42.47199720079181,111.49768580066248,2,180
2025-10-12,0.0,9.646186123254154,4.103909704820239,28.693133970876563,111.49768580066248,0,180
2025-10-13,0.0,10.065025719856635,3.907521316240434,21.335550974758107,111.49768580066248,0,180
2025-10-14,0.0,9.995418718925805,3.5915945185055875,12.57942111927336,42.471997200791826,0,180
2025-10-15,0.0,10.981214081866199,4.4877443517528945,7.223936027372125,42.471997200791826,0,180
2025-10-16,0.0,10.467770133028523,5.956199924301075,0.0,42.471997200791826,0,180
2025-10-17,0.0,9.909825197455802,5.300922168275861,0.0,28.693133970876577,0,180
2025-10-18,0.0,10.270881503283078,5.83925675686055,0.0,21.33555097475812,0,180
2025-10-19,0.0,9.873779351256417,4.398701256326149,0.0,12.579421119273373,0,180
2025-10-20,0.0,9.896540298301943,4.15045006710028,0.0,7.223936027372139,0,180
2025-10-21,0.0,10.062778655238162,6.345011047747164,0.0,0.0,0,180
2025-10-22,0.0,10.181794498851445,7.717219744988199,0.0,0.0,0,180
2025-10-23,0.0,10.583785885185137,7.864378769592747,0.0,0.0,0,180
2025-10-24,0.0,10.367026561361172,6.335284865277401,0.0,0.0,0,180
2025-10-25,32.26659342130521,10.664223799315607,6.140154223172203,0.0,0.0,0,180
2025-10-26,0.0,11.380271782065336,8.799195142062274,32.26659342130521,32.266593421305224,2,182
2025-10-27,0.0,11.275568702585815,7.367505861678239,32.26659342130521,32.266593421305224,2,184
2025-10-28,35.01133938698613,11.811218008205344,7.863271019893602,32.26659342130521,32.266593421305224,2,186
2025-10-29,44.54309569431727,11.201402370684889,9.454564162920121,67.27793280829134,67.27793280829135,2,188
2025-10-30,0.0,11.389635152436881,8.873010637775224,111.82102850260861,111.82102850260863,2,190
2025-10-31,0.0,11.39631642675505,8.89661847960275,79.55443508130341,111.82102850260863,2,192
2025-11-01,6.494117561257016,11.124795256320795,9.464584293005657,79.55443508130341,111.82102850260863,2,194
2025-11-02,5.988927348727555,10.71980319073117,6.996396564987492,86.04855264256042,118.31514606386564,2,196
2025-11-03,0.0,10.378697251773758,6.264211537103279,57.026140604301844,124.3040734125932,2,198
2025-11-04,0.0,10.594081553173282,5.8069403690362265,12.48304490998457,124.3040734125932,0,198
2025-11-05,0.0,11.293754428087823,5.084744089954313,12.48304490998457,92.037479991288,0,198
2025-11-06,0.0,10.802820575962016,6.250712595046025,12.48304490998457,92.037479991288,0,198
2025-11-07,0.0,11.259515644769294,7.154604680283285,5.988927348727555,92.037479991288,0,198
2025-11-08,0.0,10.91055927876414,6.790190729105291,0.0,57.02614060430186,0,198
2025-11-09,0.0,10.603448922179325,6.821138240406356,0.0,12.483044909984585,0,198
2025-11-10,7.02213439108243,10.572627963659897,4.962591725475477,0.0,12.483044909984585,0,198
2025-11-11,9.487620082920689,10.792532133506313,5.855538172691922,7.02213439108243,19.505179301067017,0,198
2025-11-12,0.0,10.30439716555037,4.905999947793873,16.509754474003117,22.49868182273069,0,198
2025-11-13,0.0,10.610734598091824,4.5648341532773316,16.509754474003117,16.50975447400313,0,198
2025-11-14,0.0,10.831469236329951,6.758304850260458,16.509754474003117,16.50975447400313,0,198
2025-11-15,0.0,11.11803278173295,6.06056044476594,16.509754474003117,16.50975447400313,0,198
2025-11-16,0.0,10.647136594664403,5.31763668420183,9.487620082920689,16.50975447400313,0,198
2025-11-17,0.0,10.51084450295889,4.596856017682569,0.0,16.50975447400313,0,198
2025-11-18,0.0,10.423752329284525,6.0246920219757385,0.0,16.50975447400313,0,198
2025-11-19,0.0,10.423543364646832,5.407699911249551,0.0,16.50975447400313,0,198
2025-11-20,10.103150672734063,10.49337761197205,5.2681692255368375,0.0,16.50975447400313,0,198
2025-11-21,8.098979746123744,10.516430339373471,4.739741525710031,10.103150672734063,19.590770755654766,0,198
2025-11-22,8.990781599571479,10.350413926642432,4.178146016822723,18.202130418857806,18.20213041885782,0,198
2025-11-23,4.23765366534919,9.901388254705466,4.029312652012152,27.192912018429286,27.1929120184293,0,198
2025-11-24,1.093998815265721,10.482838918977848,4.324007564520741,31.430565683778475,31.43056568377849,2,200
2025-11-25,0.018288592094564213,10.359137151626214,5.602094388757905,32.524564499044196,32.52456449904421,2,202
2025-11-26,0.0,10.285662907374501,5.1884180608785755,22.439702418404696,32.542853091138774,0,202
2025-11-27,0.0,10.189122736229137,4.181096337276472,14.340722672280954,32.542853091138774,0,202
2025-11-28,0.6984765038661392,10.527340013676053,5.089234780365587,5.349941072709475,32.542853091138774,0,202
2025-11-29,11.356660908358332,10.72230200937463,5.087119950588374,1.8107639112264244,33.24132959500491,0,202
2025-11-30,13.369391365467852,10.65732576302264,7.5370311041298805,12.073426004319035,44.59799050336325,1,203
2025-12-01,0.0,10.934559418620381,6.329609267516787,25.424528777692323,47.86423119609704,0,203
2025-12-02,0.0,10.722337965095562,4.725999786568934,25.424528777692323,39.76525144997329,0,203
2025-12-03,0.0,11.111206316997993,5.20431675940938,25.424528777692323,30.774469850401815,0,203
2025-12-04,0.0,10.729482217304849,6.285965100174451,24.726052273826184,26.536816185052622,0,203
2025-12-05,0.0,10.554656784889346,5.613585600463125,13.369391365467852,25.4428173697869,0,203
2025-12-06,0.0,9.882554358556376,4.146445066823958,0.0,25.424528777692338,0,203
2025-12-07,0.0,9.764233005771644,4.252391541679003,0.0,25.424528777692338,0,203
2025-12-08,0.0,9.637953054879972,3.986758384464679,0.0,25.424528777692338,0,203
2025-12-09,0.0,10.272451255206533,4.206770161562815,0.0,24.7260522738262,0,203
2025-12-10,0.0,10.539778193987672,5.891316482256059,0.0,13.369391365467866,0,203
2025-12-11,0.0,10.533366947453942,5.158682231783075,0.0,0.0,0,203
2025-12-12,0.0,10.83032715435553,5.936785658350516,0.0,0.0,0,203
2025-12-13,0.0,10.40372319731324,6.54359219149228,0.0,0.0,0,203
2025-12-14,0.0,11.191979244720017,7.673974609375023,0.0,0.0,0,203
2025-12-15,0.0,11.687485455367039,7.474698470973408,0.0,0.0,0,203
2025-12-16,0.0,11.438939922660666,7.29324738124626,0.0,0.0,0,203
2025-12-17,0.0,11.331769509785374,6.529793927654566,0.0,0.0,0,203
2025-12-18,0.0,11.021919616763284,6.693550772037156,0.0,0.0,0,203
2025-12-19,0.0,11.052744150061812,6.450989095819864,0.0,0.0,0,203
2025-12-20,0.0,11.603570216756736,7.388358676358678,0.0,0.0,0,203
2025-12-21,0.0,11.634041126819056,8.830912982292944,0.0,0.0,0,203
2025-12-22,0.0,10.957066020525758,6.8756104859166385,0.0,0.0,0,203
2025-12-23,0.0,10.681802132244627,5.114970791414919,0.0,0.0,0,203
2025-12-24,0.0,10.784592412952634,5.215063649303545,0.0,0.0,0,203
2025-12-25,0.0,11.814042887497806,5.657590988447112,0.0,0.0,0,203
2025-12-26,0.0,12.261879409534174,7.807879504317782,0.0,0.0,0,203
2025-12-27,55.41899345743117,12.307344259106117,9.095854599670815,0.0,0.0,1,204
2025-12-28,29.489341741791012,11.252521217394246,7.517527684625634,55.41899345743117,55.418993457431185,2,206
2025-12-29,11.37744242687493,10.522016267756499,5.889303761608232,84.90833519922218,84.9083351992222,2,208
2025-12-30,24.057629976555265,10.88961804228012,7.057557726206312,96.28577762609711,96.28577762609713,2,210
2025-12-31,27.709496728715585,11.054832192986794,5.360396321614644,120.34340760265238,120.34340760265239,2,212
